,Temperature
1961-01-01,13.143258094787598
1961-01-02,11.12380599975586
1961-01-03,10.0845947265625
1961-01-04,10.6580810546875
1961-01-05,9.927291870117188
1961-01-06,9.143577575683594
1961-01-07,9.589428901672363
1961-01-08,9.340031623840332
1961-01-09,9.862430572509766
1961-01-10,9.183747291564941
1961-01-11,9.512483596801758
1961-01-12,9.198719024658203
1961-01-13,8.64576244354248
1961-01-14,8.972805976867676
1961-01-15,8.84244155883789
1961-01-16,9.934576034545898
1961-01-17,10.412493705749512
1961-01-18,10.23271656036377
1961-01-19,10.344101905822754
1961-01-20,10.693750381469727
1961-01-21,10.034317016601562
1961-01-22,8.275517463684082
1961-01-23,9.172945976257324
1961-01-24,9.721843719482422
1961-01-25,10.668505668640137
1961-01-26,10.222840309143066
1961-01-27,10.511974334716797
1961-01-28,11.135847091674805
1961-01-29,11.665190696716309
1961-01-30,11.571826934814453
1961-01-31,11.672257423400879
1961-02-01,11.527568817138672
1961-02-02,9.688803672790527
1961-02-03,8.535993576049805
1961-02-04,8.907344818115234
1961-02-05,9.880637168884277
1961-02-06,10.000893592834473
1961-02-07,9.730062484741211
1961-02-08,8.745506286621094
1961-02-09,7.440730571746826
1961-02-10,7.30655574798584
1961-02-11,8.325835227966309
1961-02-12,8.415372848510742
1961-02-13,8.20659065246582
1961-02-14,7.753156661987305
1961-02-15,7.4329938888549805
1961-02-16,8.158611297607422
1961-02-17,9.063130378723145
1961-02-18,10.769558906555176
1961-02-19,11.90556812286377
1961-02-20,12.840296745300293
1961-02-21,12.805112838745117
1961-02-22,12.9030179977417
1961-02-23,13.122321128845215
1961-02-24,13.214695930480957
1961-02-25,13.36929988861084
1961-02-26,13.036598205566406
1961-02-27,12.926103591918945
1961-02-28,13.35546588897705
1961-03-01,13.159472465515137
1961-03-02,13.398673057556152
1961-03-03,13.334979057312012
1961-03-04,13.745312690734863
1961-03-05,15.449329376220703
1961-03-06,15.307311058044434
1961-03-07,14.854910850524902
1961-03-08,14.255722999572754
1961-03-09,14.755888938903809
1961-03-10,15.293206214904785
1961-03-11,16.090837478637695
1961-03-12,16.567581176757812
1961-03-13,17.25961685180664
1961-03-14,17.77858543395996
1961-03-15,18.575885772705078
1961-03-16,16.967037200927734
1961-03-17,16.011253356933594
1961-03-18,15.642134666442871
1961-03-19,15.64444351196289
1961-03-20,16.486055374145508
1961-03-21,16.0686092376709
1961-03-22,15.829144477844238
1961-03-23,16.725500106811523
1961-03-24,17.190502166748047
1961-03-25,17.413087844848633
1961-03-26,16.392393112182617
1961-03-27,15.660457611083984
1961-03-28,15.442049026489258
1961-03-29,15.109267234802246
1961-03-30,15.676348686218262
1961-03-31,16.49152183532715
1961-04-01,17.235612869262695
1961-04-02,15.085506439208984
1961-04-03,16.05246353149414
1961-04-04,17.484291076660156
1961-04-05,17.820819854736328
1961-04-06,17.824020385742188
1961-04-07,16.744964599609375
1961-04-08,18.057918548583984
1961-04-09,16.443008422851562
1961-04-10,17.308809280395508
1961-04-11,18.88988494873047
1961-04-12,20.221141815185547
1961-04-13,21.33858299255371
1961-04-14,22.320940017700195
1961-04-15,21.21982192993164
1961-04-16,20.346874237060547
1961-04-17,20.30080223083496
1961-04-18,20.31473731994629
1961-04-19,21.193344116210938
1961-04-20,21.993288040161133
1961-04-21,22.43720054626465
1961-04-22,23.125295639038086
1961-04-23,22.041889190673828
1961-04-24,21.821748733520508
1961-04-25,21.448883056640625
1961-04-26,20.76190948486328
1961-04-27,20.627117156982422
1961-04-28,20.650253295898438
1961-04-29,20.997791290283203
1961-04-30,20.736282348632812
1961-05-01,19.876535415649414
1961-05-02,18.805103302001953
1961-05-03,20.167957305908203
1961-05-04,19.495651245117188
1961-05-05,19.864171981811523
1961-05-06,20.101774215698242
1961-05-07,19.714826583862305
1961-05-08,20.29227066040039
1961-05-09,20.956092834472656
1961-05-10,20.779518127441406
1961-05-11,21.8602237701416
1961-05-12,21.773666381835938
1961-05-13,21.43338394165039
1961-05-14,21.827220916748047
1961-05-15,22.047576904296875
1961-05-16,22.42212677001953
1961-05-17,23.340394973754883
1961-05-18,24.233583450317383
1961-05-19,23.896535873413086
1961-05-20,23.82973289489746
1961-05-21,24.21685791015625
1961-05-22,23.916229248046875
1961-05-23,22.227745056152344
1961-05-24,22.355865478515625
1961-05-25,23.076614379882812
1961-05-26,22.457435607910156
1961-05-27,23.017303466796875
1961-05-28,23.844648361206055
1961-05-29,23.247608184814453
1961-05-30,23.72893524169922
1961-05-31,23.56451416015625
1961-06-01,25.377445220947266
1961-06-02,24.843015670776367
1961-06-03,23.305471420288086
1961-06-04,22.344362258911133
1961-06-05,21.68977165222168
1961-06-06,20.946002960205078
1961-06-07,20.735164642333984
1961-06-08,21.6675968170166
1961-06-09,22.540964126586914
1961-06-10,23.00368881225586
1961-06-11,22.919952392578125
1961-06-12,21.552078247070312
1961-06-13,20.449806213378906
1961-06-14,19.943782806396484
1961-06-15,19.98004150390625
1961-06-16,21.185392379760742
1961-06-17,21.698299407958984
1961-06-18,21.823911666870117
1961-06-19,22.254060745239258
1961-06-20,22.208023071289062
1961-06-21,21.834142684936523
1961-06-22,22.100643157958984
1961-06-23,22.33875274658203
1961-06-24,22.317659378051758
1961-06-25,22.62839698791504
1961-06-26,23.847640991210938
1961-06-27,24.581722259521484
1961-06-28,23.918046951293945
1961-06-29,23.804630279541016
1961-06-30,23.394079208374023
1961-07-01,23.585237503051758
1961-07-02,23.386985778808594
1961-07-03,23.897459030151367
1961-07-04,24.306638717651367
1961-07-05,24.20158576965332
1961-07-06,23.48177719116211
1961-07-07,22.929044723510742
1961-07-08,22.421764373779297
1961-07-09,22.5026912689209
1961-07-10,22.58706283569336
1961-07-11,22.388729095458984
1961-07-12,23.393518447875977
1961-07-13,22.923494338989258
1961-07-14,22.534116744995117
1961-07-15,22.475975036621094
1961-07-16,23.032297134399414
1961-07-17,22.694271087646484
1961-07-18,22.915891647338867
1961-07-19,23.363618850708008
1961-07-20,23.635963439941406
1961-07-21,23.248727798461914
1961-07-22,23.300691604614258
1961-07-23,22.621503829956055
1961-07-24,22.209285736083984
1961-07-25,22.935142517089844
1961-07-26,23.187828063964844
1961-07-27,23.840360641479492
1961-07-28,23.071380615234375
1961-07-29,22.46920394897461
1961-07-30,22.767759323120117
1961-07-31,22.88785171508789
1961-08-01,22.983139038085938
1961-08-02,23.28430938720703
1961-08-03,22.64153480529785
1961-08-04,23.045547485351562
1961-08-05,23.12145233154297
1961-08-06,22.67438316345215
1961-08-07,23.249300003051758
1961-08-08,23.180025100708008
1961-08-09,22.73159408569336
1961-08-10,22.618305206298828
1961-08-11,22.70573616027832
1961-08-12,23.0505313873291
1961-08-13,23.13926887512207
1961-08-14,22.488117218017578
1961-08-15,22.71543312072754
1961-08-16,22.663129806518555
1961-08-17,22.84217643737793
1961-08-18,23.268035888671875
1961-08-19,23.69521713256836
1961-08-20,21.159040451049805
1961-08-21,21.16202163696289
1961-08-22,22.192834854125977
1961-08-23,22.64371109008789
1961-08-24,23.026823043823242
1961-08-25,22.57362174987793
1961-08-26,22.308399200439453
1961-08-27,22.711654663085938
1961-08-28,22.943267822265625
1961-08-29,23.065143585205078
1961-08-30,22.587465286254883
1961-08-31,21.867692947387695
1961-09-01,21.476470947265625
1961-09-02,22.018878936767578
1961-09-03,22.37643814086914
1961-09-04,22.596235275268555
1961-09-05,22.379566192626953
1961-09-06,21.87217140197754
1961-09-07,21.9165096282959
1961-09-08,21.988937377929688
1961-09-09,21.908754348754883
1961-09-10,22.324844360351562
1961-09-11,22.042116165161133
1961-09-12,22.435930252075195
1961-09-13,22.69487190246582
1961-09-14,22.862205505371094
1961-09-15,21.933029174804688
1961-09-16,21.626855850219727
1961-09-17,22.108348846435547
1961-09-18,22.20004653930664
1961-09-19,22.91960334777832
1961-09-20,22.09147071838379
1961-09-21,21.766141891479492
1961-09-22,21.890520095825195
1961-09-23,21.157129287719727
1961-09-24,21.05274200439453
1961-09-25,21.59441375732422
1961-09-26,21.728683471679688
1961-09-27,21.37059211730957
1961-09-28,21.668758392333984
1961-09-29,21.594449996948242
1961-09-30,21.019380569458008
1961-10-01,19.60763931274414
1961-10-02,19.523990631103516
1961-10-03,19.42498779296875
1961-10-04,19.854724884033203
1961-10-05,20.26787567138672
1961-10-06,21.03275489807129
1961-10-07,20.708118438720703
1961-10-08,20.63050651550293
1961-10-09,20.63003921508789
1961-10-10,20.34584617614746
1961-10-11,20.510665893554688
1961-10-12,18.90907096862793
1961-10-13,18.619413375854492
1961-10-14,17.319536209106445
1961-10-15,18.04385757446289
1961-10-16,17.90846824645996
1961-10-17,17.5792236328125
1961-10-18,17.57424545288086
1961-10-19,17.50977897644043
1961-10-20,17.17860221862793
1961-10-21,16.872467041015625
1961-10-22,16.843008041381836
1961-10-23,16.75702476501465
1961-10-24,17.080188751220703
1961-10-25,17.082901000976562
1961-10-26,16.602340698242188
1961-10-27,15.662662506103516
1961-10-28,16.16226577758789
1961-10-29,16.281349182128906
1961-10-30,15.346046447753906
1961-10-31,15.63038444519043
1961-11-01,15.53223991394043
1961-11-02,15.62108039855957
1961-11-03,15.012796401977539
1961-11-04,14.627116203308105
1961-11-05,14.397614479064941
1961-11-06,14.04153823852539
1961-11-07,13.446643829345703
1961-11-08,12.628297805786133
1961-11-09,12.621376037597656
1961-11-10,12.517461776733398
1961-11-11,12.85413932800293
1961-11-12,12.708905220031738
1961-11-13,12.813250541687012
1961-11-14,12.752140998840332
1961-11-15,12.512024879455566
1961-11-16,12.33289909362793
1961-11-17,12.036083221435547
1961-11-18,12.119269371032715
1961-11-19,11.569194793701172
1961-11-20,11.70844841003418
1961-11-21,11.618037223815918
1961-11-22,11.480667114257812
1961-11-23,10.472601890563965
1961-11-24,10.16990852355957
1961-11-25,9.61713695526123
1961-11-26,10.075944900512695
1961-11-27,11.032124519348145
1961-11-28,10.910922050476074
1961-11-29,10.97348403930664
1961-11-30,11.205339431762695
1961-12-01,11.201683044433594
1961-12-02,11.445388793945312
1961-12-03,10.542167663574219
1961-12-04,9.80225658416748
1961-12-05,10.146597862243652
1961-12-06,9.572235107421875
1961-12-07,9.121408462524414
1961-12-08,8.216947555541992
1961-12-09,8.992011070251465
1961-12-10,8.981141090393066
1961-12-11,8.984724998474121
1961-12-12,9.160122871398926
1961-12-13,7.957414150238037
1961-12-14,8.207674026489258
1961-12-15,7.0224289894104
1961-12-16,7.659987926483154
1961-12-17,8.855435371398926
1961-12-18,9.279193878173828
1961-12-19,7.5422587394714355
1961-12-20,7.0737104415893555
1961-12-21,6.576324462890625
1961-12-22,6.971327304840088
1961-12-23,6.227753162384033
1961-12-24,6.056171894073486
1961-12-25,5.836204528808594
1961-12-26,6.199634552001953
1961-12-27,6.262104511260986
1961-12-28,6.677557945251465
1961-12-29,7.983206748962402
1961-12-30,7.731540203094482
1961-12-31,7.861084461212158
1962-01-01,8.637188911437988
1962-01-02,8.39599323272705
1962-01-03,8.049398422241211
1962-01-04,8.096955299377441
1962-01-05,8.968937873840332
1962-01-06,8.608746528625488
1962-01-07,8.578607559204102
1962-01-08,8.323834419250488
1962-01-09,8.61465835571289
1962-01-10,9.48035717010498
1962-01-11,9.153611183166504
1962-01-12,9.373579025268555
1962-01-13,8.765719413757324
1962-01-14,7.810760021209717
1962-01-15,7.176666736602783
1962-01-16,6.645353317260742
1962-01-17,6.0711212158203125
1962-01-18,6.458054542541504
1962-01-19,6.607280731201172
1962-01-20,7.364552974700928
1962-01-21,8.078161239624023
1962-01-22,9.247130393981934
1962-01-23,9.105386734008789
1962-01-24,9.137243270874023
1962-01-25,8.778797149658203
1962-01-26,8.879082679748535
1962-01-27,7.1602911949157715
1962-01-28,7.132404327392578
1962-01-29,7.86624813079834
1962-01-30,8.272130966186523
1962-01-31,8.499564170837402
1962-02-01,8.632647514343262
1962-02-02,9.488180160522461
1962-02-03,9.461386680603027
1962-02-04,9.661275863647461
1962-02-05,9.479330062866211
1962-02-06,10.49438190460205
1962-02-07,8.894940376281738
1962-02-08,7.874248027801514
1962-02-09,7.2654709815979
1962-02-10,8.631878852844238
1962-02-11,10.224721908569336
1962-02-12,10.734803199768066
1962-02-13,11.76346206665039
1962-02-14,11.975189208984375
1962-02-15,11.644814491271973
1962-02-16,12.159232139587402
1962-02-17,12.499119758605957
1962-02-18,12.900596618652344
1962-02-19,12.041738510131836
1962-02-20,8.088930130004883
1962-02-21,10.898146629333496
1962-02-22,11.712323188781738
1962-02-23,11.692792892456055
1962-02-24,12.278519630432129
1962-02-25,11.505529403686523
1962-02-26,11.023579597473145
1962-02-27,11.184362411499023
1962-02-28,10.666940689086914
1962-03-01,10.6820707321167
1962-03-02,11.606917381286621
1962-03-03,11.410025596618652
1962-03-04,11.893208503723145
1962-03-05,11.564350128173828
1962-03-06,9.262090682983398
1962-03-07,10.111312866210938
1962-03-08,11.137640953063965
1962-03-09,11.303218841552734
1962-03-10,11.354372024536133
1962-03-11,12.060924530029297
1962-03-12,12.520360946655273
1962-03-13,12.44592571258545
1962-03-14,13.266161918640137
1962-03-15,14.108972549438477
1962-03-16,14.995644569396973
1962-03-17,15.31392765045166
1962-03-18,15.31215763092041
1962-03-19,15.536378860473633
1962-03-20,14.567724227905273
1962-03-21,14.11924934387207
1962-03-22,14.325090408325195
1962-03-23,14.705957412719727
1962-03-24,14.776723861694336
1962-03-25,15.669135093688965
1962-03-26,16.039051055908203
1962-03-27,16.690950393676758
1962-03-28,16.69390869140625
1962-03-29,16.70862579345703
1962-03-30,17.65696144104004
1962-03-31,16.745967864990234
1962-04-01,18.123746871948242
1962-04-02,17.940753936767578
1962-04-03,17.155527114868164
1962-04-04,16.381977081298828
1962-04-05,16.21219253540039
1962-04-06,17.046483993530273
1962-04-07,17.26801300048828
1962-04-08,17.696434020996094
1962-04-09,18.844066619873047
1962-04-10,18.669849395751953
1962-04-11,18.87866973876953
1962-04-12,17.868837356567383
1962-04-13,18.81267547607422
1962-04-14,19.133533477783203
1962-04-15,19.927875518798828
1962-04-16,18.741865158081055
1962-04-17,19.6953067779541
1962-04-18,17.672922134399414
1962-04-19,16.83664894104004
1962-04-20,16.27682876586914
1962-04-21,17.160659790039062
1962-04-22,17.551435470581055
1962-04-23,19.771160125732422
1962-04-24,19.85481834411621
1962-04-25,18.91461181640625
1962-04-26,18.94333839416504
1962-04-27,18.698558807373047
1962-04-28,18.89487648010254
1962-04-29,18.270145416259766
1962-04-30,16.75060272216797
1962-05-01,17.323820114135742
1962-05-02,17.93928337097168
1962-05-03,18.16632652282715
1962-05-04,19.328718185424805
1962-05-05,18.2915096282959
1962-05-06,19.34073829650879
1962-05-07,19.3240909576416
1962-05-08,19.92278289794922
1962-05-09,19.451717376708984
1962-05-10,19.845460891723633
1962-05-11,19.99396514892578
1962-05-12,18.46685218811035
1962-05-13,18.865976333618164
1962-05-14,19.70836639404297
1962-05-15,19.35272216796875
1962-05-16,20.027727127075195
1962-05-17,20.470050811767578
1962-05-18,20.584115982055664
1962-05-19,21.82123565673828
1962-05-20,20.626306533813477
1962-05-21,21.309955596923828
1962-05-22,22.466081619262695
1962-05-23,22.18885040283203
1962-05-24,21.418975830078125
1962-05-25,20.937850952148438
1962-05-26,21.385770797729492
1962-05-27,21.440631866455078
1962-05-28,22.899003982543945
1962-05-29,20.815847396850586
1962-05-30,21.21195411682129
1962-05-31,21.322011947631836
1962-06-01,21.770404815673828
1962-06-02,22.37736701965332
1962-06-03,21.90768051147461
1962-06-04,22.722259521484375
1962-06-05,24.169057846069336
1962-06-06,24.31009864807129
1962-06-07,23.260475158691406
1962-06-08,22.771238327026367
1962-06-09,23.121061325073242
1962-06-10,21.779664993286133
1962-06-11,21.084169387817383
1962-06-12,21.303434371948242
1962-06-13,21.714548110961914
1962-06-14,21.33687400817871
1962-06-15,20.513151168823242
1962-06-16,22.114517211914062
1962-06-17,22.68976402282715
1962-06-18,23.821718215942383
1962-06-19,23.1912899017334
1962-06-20,22.798114776611328
1962-06-21,22.682775497436523
1962-06-22,22.554208755493164
1962-06-23,21.382822036743164
1962-06-24,21.77768898010254
1962-06-25,21.615806579589844
1962-06-26,21.34833335876465
1962-06-27,22.343172073364258
1962-06-28,21.579761505126953
1962-06-29,21.640174865722656
1962-06-30,21.95650863647461
1962-07-01,22.382083892822266
1962-07-02,21.81318473815918
1962-07-03,22.01544189453125
1962-07-04,22.530485153198242
1962-07-05,22.303220748901367
1962-07-06,21.748645782470703
1962-07-07,22.709815979003906
1962-07-08,22.60660171508789
1962-07-09,23.276182174682617
1962-07-10,22.773292541503906
1962-07-11,22.881797790527344
1962-07-12,23.353044509887695
1962-07-13,23.657316207885742
1962-07-14,23.82284164428711
1962-07-15,24.196714401245117
1962-07-16,22.499530792236328
1962-07-17,22.545982360839844
1962-07-18,21.509227752685547
1962-07-19,21.824827194213867
1962-07-20,22.73411750793457
1962-07-21,22.969650268554688
1962-07-22,23.15268898010254
1962-07-23,22.537256240844727
1962-07-24,22.67046546936035
1962-07-25,22.610191345214844
1962-07-26,21.681657791137695
1962-07-27,21.125192642211914
1962-07-28,21.321819305419922
1962-07-29,21.86098289489746
1962-07-30,21.848590850830078
1962-07-31,21.96213722229004
1962-08-01,22.189056396484375
1962-08-02,21.469572067260742
1962-08-03,20.684423446655273
1962-08-04,21.227582931518555
1962-08-05,22.013866424560547
1962-08-06,22.20587158203125
1962-08-07,22.258073806762695
1962-08-08,22.720258712768555
1962-08-09,21.98222541809082
1962-08-10,21.984582901000977
1962-08-11,21.98552894592285
1962-08-12,21.689775466918945
1962-08-13,22.380481719970703
1962-08-14,22.56434440612793
1962-08-15,21.99939727783203
1962-08-16,21.36034393310547
1962-08-17,20.708189010620117
1962-08-18,20.052438735961914
1962-08-19,20.251789093017578
1962-08-20,20.410932540893555
1962-08-21,20.813404083251953
1962-08-22,21.005659103393555
1962-08-23,21.517459869384766
1962-08-24,21.711101531982422
1962-08-25,21.62576675415039
1962-08-26,21.329160690307617
1962-08-27,21.28675651550293
1962-08-28,21.54741096496582
1962-08-29,20.837120056152344
1962-08-30,20.658300399780273
1962-08-31,21.044084548950195
1962-09-01,21.72875213623047
1962-09-02,21.8775691986084
1962-09-03,22.03217124938965
1962-09-04,21.822856903076172
1962-09-05,21.662900924682617
1962-09-06,22.00145149230957
1962-09-07,21.73220443725586
1962-09-08,21.65157127380371
1962-09-09,21.620336532592773
1962-09-10,21.654977798461914
1962-09-11,21.266143798828125
1962-09-12,21.425756454467773
1962-09-13,21.571786880493164
1962-09-14,21.632497787475586
1962-09-15,21.464223861694336
1962-09-16,20.854955673217773
1962-09-17,21.441835403442383
1962-09-18,21.92562484741211
1962-09-19,22.258590698242188
1962-09-20,22.556339263916016
1962-09-21,20.629436492919922
1962-09-22,20.04513168334961
1962-09-23,20.11785316467285
1962-09-24,20.107534408569336
1962-09-25,19.9932918548584
1962-09-26,20.231544494628906
1962-09-27,20.00287628173828
1962-09-28,20.088579177856445
1962-09-29,20.817474365234375
1962-09-30,21.05196189880371
1962-10-01,20.859277725219727
1962-10-02,20.318281173706055
1962-10-03,20.172374725341797
1962-10-04,20.329566955566406
1962-10-05,20.41815185546875
1962-10-06,19.893024444580078
1962-10-07,19.177709579467773
1962-10-08,19.267566680908203
1962-10-09,18.758808135986328
1962-10-10,18.494873046875
1962-10-11,17.724294662475586
1962-10-12,17.813030242919922
1962-10-13,17.935710906982422
1962-10-14,17.86758804321289
1962-10-15,16.731910705566406
1962-10-16,16.641691207885742
1962-10-17,16.933500289916992
1962-10-18,16.456005096435547
1962-10-19,16.86830711364746
1962-10-20,16.929014205932617
1962-10-21,16.746105194091797
1962-10-22,17.098983764648438
1962-10-23,17.042015075683594
1962-10-24,17.012287139892578
1962-10-25,16.650436401367188
1962-10-26,17.227338790893555
1962-10-27,17.05645179748535
1962-10-28,16.740381240844727
1962-10-29,16.094104766845703
1962-10-30,16.363971710205078
1962-10-31,15.64272689819336
1962-11-01,15.328752517700195
1962-11-02,15.657631874084473
1962-11-03,14.858843803405762
1962-11-04,14.474197387695312
1962-11-05,14.883596420288086
1962-11-06,14.518549919128418
1962-11-07,14.812522888183594
1962-11-08,14.790406227111816
1962-11-09,14.73240852355957
1962-11-10,14.685842514038086
1962-11-11,15.09114933013916
1962-11-12,14.85622787475586
1962-11-13,14.910707473754883
1962-11-14,14.254119873046875
1962-11-15,14.661001205444336
1962-11-16,14.685124397277832
1962-11-17,14.627796173095703
1962-11-18,14.39944076538086
1962-11-19,14.226662635803223
1962-11-20,14.521206855773926
1962-11-21,14.312271118164062
1962-11-22,12.994235038757324
1962-11-23,13.418924331665039
1962-11-24,12.396498680114746
1962-11-25,11.113985061645508
1962-11-26,11.229081153869629
1962-11-27,11.914358139038086
1962-11-28,12.282062530517578
1962-11-29,12.802286148071289
1962-11-30,12.055505752563477
1962-12-01,11.614580154418945
1962-12-02,11.216511726379395
1962-12-03,11.738296508789062
1962-12-04,11.618090629577637
1962-12-05,12.708463668823242
1962-12-06,11.986522674560547
1962-12-07,12.1546049118042
1962-12-08,11.792738914489746
1962-12-09,11.185833930969238
1962-12-10,10.532904624938965
1962-12-11,10.455306053161621
1962-12-12,10.290197372436523
1962-12-13,9.777029991149902
1962-12-14,9.806751251220703
1962-12-15,9.150003433227539
1962-12-16,10.002520561218262
1962-12-17,10.343545913696289
1962-12-18,10.868494987487793
1962-12-19,10.867058753967285
1962-12-20,10.530834197998047
1962-12-21,9.391120910644531
1962-12-22,10.396653175354004
1962-12-23,10.38900375366211
1962-12-24,10.161869049072266
1962-12-25,9.834111213684082
1962-12-26,9.902237892150879
1962-12-27,10.040940284729004
1962-12-28,10.230679512023926
1962-12-29,10.338883399963379
1962-12-30,8.93432331085205
1962-12-31,9.039111137390137
1963-01-01,8.46856689453125
1963-01-02,8.267637252807617
1963-01-03,8.395120620727539
1963-01-04,8.258041381835938
1963-01-05,8.156272888183594
1963-01-06,8.051876068115234
1963-01-07,8.64762020111084
1963-01-08,8.835244178771973
1963-01-09,9.174372673034668
1963-01-10,8.448372840881348
1963-01-11,9.121537208557129
1963-01-12,9.75790023803711
1963-01-13,8.44075870513916
1963-01-14,9.01681900024414
1963-01-15,9.751042366027832
1963-01-16,9.234896659851074
1963-01-17,8.259814262390137
1963-01-18,8.057231903076172
1963-01-19,7.80537223815918
1963-01-20,7.979044437408447
1963-01-21,8.89276123046875
1963-01-22,9.286651611328125
1963-01-23,8.798619270324707
1963-01-24,9.763216972351074
1963-01-25,9.773581504821777
1963-01-26,9.871992111206055
1963-01-27,10.149430274963379
1963-01-28,10.402031898498535
1963-01-29,10.392027854919434
1963-01-30,9.896780014038086
1963-01-31,9.863293647766113
1963-02-01,10.00173568725586
1963-02-02,10.040268898010254
1963-02-03,10.648150444030762
1963-02-04,10.510656356811523
1963-02-05,10.707734107971191
1963-02-06,11.040613174438477
1963-02-07,11.591758728027344
1963-02-08,11.20681381225586
1963-02-09,12.130987167358398
1963-02-10,11.964786529541016
1963-02-11,11.859116554260254
1963-02-12,11.490227699279785
1963-02-13,11.152307510375977
1963-02-14,11.337113380432129
1963-02-15,10.991917610168457
1963-02-16,11.4277982711792
1963-02-17,12.403807640075684
1963-02-18,11.95279598236084
1963-02-19,11.515307426452637
1963-02-20,11.690741539001465
1963-02-21,12.543335914611816
1963-02-22,12.639280319213867
1963-02-23,12.418508529663086
1963-02-24,12.433089256286621
1963-02-25,12.354354858398438
1963-02-26,12.185935020446777
1963-02-27,12.161212921142578
1963-02-28,11.521581649780273
1963-03-01,13.084744453430176
1963-03-02,13.555558204650879
1963-03-03,13.064004898071289
1963-03-04,14.169517517089844
1963-03-05,14.196036338806152
1963-03-06,11.199148178100586
1963-03-07,11.586319923400879
1963-03-08,13.14613151550293
1963-03-09,12.153474807739258
1963-03-10,11.869405746459961
1963-03-11,12.215716361999512
1963-03-12,12.798039436340332
1963-03-13,13.183871269226074
1963-03-14,14.026163101196289
1963-03-15,14.18288803100586
1963-03-16,14.835962295532227
1963-03-17,14.57855224609375
1963-03-18,14.234310150146484
1963-03-19,14.088878631591797
1963-03-20,14.137447357177734
1963-03-21,14.314492225646973
1963-03-22,15.199292182922363
1963-03-23,16.452280044555664
1963-03-24,15.81181526184082
1963-03-25,13.264717102050781
1963-03-26,12.610844612121582
1963-03-27,14.139039039611816
1963-03-28,14.596853256225586
1963-03-29,15.322410583496094
1963-03-30,16.224889755249023
1963-03-31,16.826507568359375
1963-04-01,16.936439514160156
1963-04-02,17.019981384277344
1963-04-03,16.999181747436523
1963-04-04,16.841629028320312
1963-04-05,16.905527114868164
1963-04-06,17.476585388183594
1963-04-07,17.74620819091797
1963-04-08,17.218358993530273
1963-04-09,17.333290100097656
1963-04-10,16.455699920654297
1963-04-11,16.34955596923828
1963-04-12,16.649356842041016
1963-04-13,17.355518341064453
1963-04-14,17.386310577392578
1963-04-15,16.476119995117188
1963-04-16,16.280014038085938
1963-04-17,16.959144592285156
1963-04-18,18.12318992614746
1963-04-19,17.799726486206055
1963-04-20,18.075448989868164
1963-04-21,17.78560447692871
1963-04-22,18.00143051147461
1963-04-23,17.689966201782227
1963-04-24,17.582242965698242
1963-04-25,17.360965728759766
1963-04-26,16.49294090270996
1963-04-27,17.017305374145508
1963-04-28,17.29543685913086
1963-04-29,17.872404098510742
1963-04-30,17.688512802124023
1963-05-01,17.7723445892334
1963-05-02,17.463504791259766
1963-05-03,17.733322143554688
1963-05-04,17.950122833251953
1963-05-05,17.6353759765625
1963-05-06,18.631128311157227
1963-05-07,18.57718849182129
1963-05-08,20.146015167236328
1963-05-09,18.45879554748535
1963-05-10,16.63678741455078
1963-05-11,19.72187042236328
1963-05-12,20.059831619262695
1963-05-13,20.743511199951172
1963-05-14,20.68964958190918
1963-05-15,21.53786277770996
1963-05-16,22.970224380493164
1963-05-17,23.240053176879883
1963-05-18,21.38115119934082
1963-05-19,20.872888565063477
1963-05-20,21.87065315246582
1963-05-21,21.44786262512207
1963-05-22,20.301315307617188
1963-05-23,20.80527114868164
1963-05-24,21.765336990356445
1963-05-25,21.65532112121582
1963-05-26,19.85700798034668
1963-05-27,20.415119171142578
1963-05-28,20.693553924560547
1963-05-29,20.4862060546875
1963-05-30,20.095308303833008
1963-05-31,21.506248474121094
1963-06-01,22.94894027709961
1963-06-02,23.324947357177734
1963-06-03,23.587169647216797
1963-06-04,23.131546020507812
1963-06-05,23.37804412841797
1963-06-06,22.757278442382812
1963-06-07,22.309707641601562
1963-06-08,23.476511001586914
1963-06-09,23.362668991088867
1963-06-10,22.489601135253906
1963-06-11,22.37544059753418
1963-06-12,22.142030715942383
1963-06-13,23.117795944213867
1963-06-14,22.763408660888672
1963-06-15,22.17707633972168
1963-06-16,21.104873657226562
1963-06-17,22.275962829589844
1963-06-18,21.950244903564453
1963-06-19,22.468093872070312
1963-06-20,22.11693572998047
1963-06-21,23.227834701538086
1963-06-22,23.384517669677734
1963-06-23,23.61602783203125
1963-06-24,23.384075164794922
1963-06-25,24.095823287963867
1963-06-26,23.901607513427734
1963-06-27,23.656578063964844
1963-06-28,23.132875442504883
1963-06-29,22.503000259399414
1963-06-30,22.229278564453125
1963-07-01,22.067489624023438
1963-07-02,22.364456176757812
1963-07-03,22.867692947387695
1963-07-04,22.839155197143555
1963-07-05,22.630178451538086
1963-07-06,23.553979873657227
1963-07-07,23.477210998535156
1963-07-08,23.699098587036133
1963-07-09,23.10306739807129
1963-07-10,22.491748809814453
1963-07-11,22.414241790771484
1963-07-12,21.43364715576172
1963-07-13,21.948654174804688
1963-07-14,22.163034439086914
1963-07-15,22.132225036621094
1963-07-16,22.26227378845215
1963-07-17,22.61854362487793
1963-07-18,23.16901397705078
1963-07-19,22.77554702758789
1963-07-20,21.536394119262695
1963-07-21,21.581218719482422
1963-07-22,21.908063888549805
1963-07-23,23.030954360961914
1963-07-24,22.933530807495117
1963-07-25,22.604915618896484
1963-07-26,22.338258743286133
1963-07-27,22.092063903808594
1963-07-28,21.99758529663086
1963-07-29,22.480714797973633
1963-07-30,22.535621643066406
1963-07-31,22.27859115600586
1963-08-01,22.434978485107422
1963-08-02,21.66775894165039
1963-08-03,21.069616317749023
1963-08-04,21.951194763183594
1963-08-05,22.187471389770508
1963-08-06,21.94671058654785
1963-08-07,22.136159896850586
1963-08-08,22.035200119018555
1963-08-09,22.633098602294922
1963-08-10,22.5993595123291
1963-08-11,22.67157745361328
1963-08-12,21.773038864135742
1963-08-13,21.80713653564453
1963-08-14,22.84360122680664
1963-08-15,22.397768020629883
1963-08-16,22.14099884033203
1963-08-17,21.986522674560547
1963-08-18,22.34626007080078
1963-08-19,22.35782814025879
1963-08-20,22.02984619140625
1963-08-21,21.802579879760742
1963-08-22,22.52192497253418
1963-08-23,22.119640350341797
1963-08-24,21.868064880371094
1963-08-25,21.928897857666016
1963-08-26,22.365861892700195
1963-08-27,22.32958984375
1963-08-28,22.53205108642578
1963-08-29,22.405376434326172
1963-08-30,21.853513717651367
1963-08-31,21.76357078552246
1963-09-01,21.699962615966797
1963-09-02,21.996509552001953
1963-09-03,21.9522762298584
1963-09-04,21.1558895111084
1963-09-05,22.059568405151367
1963-09-06,22.514469146728516
1963-09-07,22.80495834350586
1963-09-08,22.660724639892578
1963-09-09,22.419530868530273
1963-09-10,22.7901668548584
1963-09-11,23.229780197143555
1963-09-12,23.031700134277344
1963-09-13,22.17139434814453
1963-09-14,22.095705032348633
1963-09-15,21.461517333984375
1963-09-16,20.33045196533203
1963-09-17,20.362451553344727
1963-09-18,21.63157844543457
1963-09-19,21.578075408935547
1963-09-20,21.74689292907715
1963-09-21,21.10289192199707
1963-09-22,20.965843200683594
1963-09-23,21.020544052124023
1963-09-24,20.822105407714844
1963-09-25,21.00896453857422
1963-09-26,20.876218795776367
1963-09-27,19.10264015197754
1963-09-28,18.40201187133789
1963-09-29,18.127527236938477
1963-09-30,18.708385467529297
1963-10-01,19.473758697509766
1963-10-02,18.815519332885742
1963-10-03,17.205455780029297
1963-10-04,17.988300323486328
1963-10-05,19.51386070251465
1963-10-06,20.169214248657227
1963-10-07,20.43816566467285
1963-10-08,19.4484806060791
1963-10-09,19.574665069580078
1963-10-10,19.840288162231445
1963-10-11,19.14153289794922
1963-10-12,19.248991012573242
1963-10-13,18.869138717651367
1963-10-14,18.85572624206543
1963-10-15,18.501670837402344
1963-10-16,18.777420043945312
1963-10-17,18.250181198120117
1963-10-18,18.315181732177734
1963-10-19,18.922439575195312
1963-10-20,18.191802978515625
1963-10-21,18.287324905395508
1963-10-22,18.081687927246094
1963-10-23,17.834274291992188
1963-10-24,16.844573974609375
1963-10-25,16.28249168395996
1963-10-26,16.263866424560547
1963-10-27,16.959003448486328
1963-10-28,17.10711097717285
1963-10-29,16.87842559814453
1963-10-30,16.502117156982422
1963-10-31,16.64936637878418
1963-11-01,14.854848861694336
1963-11-02,15.158637046813965
1963-11-03,13.81346607208252
1963-11-04,14.012839317321777
1963-11-05,12.63739013671875
1963-11-06,13.536688804626465
1963-11-07,13.989876747131348
1963-11-08,14.177861213684082
1963-11-09,14.345962524414062
1963-11-10,14.505149841308594
1963-11-11,14.369770050048828
1963-11-12,13.94309139251709
1963-11-13,14.508804321289062
1963-11-14,14.296947479248047
1963-11-15,13.585522651672363
1963-11-16,13.113704681396484
1963-11-17,13.003891944885254
1963-11-18,13.062437057495117
1963-11-19,13.257917404174805
1963-11-20,12.77808666229248
1963-11-21,12.203784942626953
1963-11-22,12.973433494567871
1963-11-23,13.084211349487305
1963-11-24,13.334846496582031
1963-11-25,13.269986152648926
1963-11-26,13.583712577819824
1963-11-27,13.709348678588867
1963-11-28,13.567197799682617
1963-11-29,13.983229637145996
1963-11-30,13.446946144104004
1963-12-01,12.599891662597656
1963-12-02,12.584649085998535
1963-12-03,12.440217018127441
1963-12-04,12.717824935913086
1963-12-05,13.217373847961426
1963-12-06,13.51423168182373
1963-12-07,14.069624900817871
1963-12-08,12.585503578186035
1963-12-09,12.530804634094238
1963-12-10,12.5181245803833
1963-12-11,12.64342212677002
1963-12-12,12.188645362854004
1963-12-13,11.651843070983887
1963-12-14,11.56068229675293
1963-12-15,10.734270095825195
1963-12-16,10.474903106689453
1963-12-17,10.348928451538086
1963-12-18,10.417157173156738
1963-12-19,10.448100090026855
1963-12-20,10.879698753356934
1963-12-21,10.813117980957031
1963-12-22,10.506235122680664
1963-12-23,9.920413970947266
1963-12-24,9.745481491088867
1963-12-25,9.995677947998047
1963-12-26,10.105015754699707
1963-12-27,10.510671615600586
1963-12-28,10.59274959564209
1963-12-29,10.157215118408203
1963-12-30,9.592757225036621
1963-12-31,9.403963088989258
1964-01-01,9.134417533874512
1964-01-02,9.315532684326172
1964-01-03,9.369685173034668
1964-01-04,8.96372127532959
1964-01-05,9.326478004455566
1964-01-06,9.607237815856934
1964-01-07,10.157649993896484
1964-01-08,10.806678771972656
1964-01-09,10.538129806518555
1964-01-10,10.57254409790039
1964-01-11,9.854764938354492
1964-01-12,10.28447151184082
1964-01-13,9.961983680725098
1964-01-14,8.781781196594238
1964-01-15,8.20664119720459
1964-01-16,7.943198204040527
1964-01-17,7.519218921661377
1964-01-18,7.057275772094727
1964-01-19,6.128352642059326
1964-01-20,6.815213680267334
1964-01-21,9.245208740234375
1964-01-22,10.768452644348145
1964-01-23,10.746637344360352
1964-01-24,9.322200775146484
1964-01-25,8.742230415344238
1964-01-26,8.185486793518066
1964-01-27,7.2926506996154785
1964-01-28,6.796659469604492
1964-01-29,7.031031131744385
1964-01-30,7.063269138336182
1964-01-31,7.234926700592041
1964-02-01,7.759533882141113
1964-02-02,7.28173303604126
1964-02-03,7.267005920410156
1964-02-04,7.1299214363098145
1964-02-05,7.034041404724121
1964-02-06,7.187021255493164
1964-02-07,6.913424491882324
1964-02-08,8.174330711364746
1964-02-09,9.119194030761719
1964-02-10,9.353814125061035
1964-02-11,9.275809288024902
1964-02-12,11.091815948486328
1964-02-13,11.54447078704834
1964-02-14,11.746097564697266
1964-02-15,12.812454223632812
1964-02-16,12.718120574951172
1964-02-17,13.417820930480957
1964-02-18,14.051475524902344
1964-02-19,13.900766372680664
1964-02-20,14.36083698272705
1964-02-21,14.471206665039062
1964-02-22,14.206271171569824
1964-02-23,14.262344360351562
1964-02-24,14.431214332580566
1964-02-25,12.576286315917969
1964-02-26,12.278428077697754
1964-02-27,12.55340576171875
1964-02-28,12.578393936157227
1964-02-29,13.13282299041748
1964-03-01,13.339287757873535
1964-03-02,14.006391525268555
1964-03-03,14.528282165527344
1964-03-04,14.306106567382812
1964-03-05,14.78409481048584
1964-03-06,14.6229887008667
1964-03-07,14.558270454406738
1964-03-08,14.90488338470459
1964-03-09,15.254743576049805
1964-03-10,15.594544410705566
1964-03-11,15.99481201171875
1964-03-12,16.983232498168945
1964-03-13,17.198427200317383
1964-03-14,17.369827270507812
1964-03-15,16.7486515045166
1964-03-16,17.41044044494629
1964-03-17,17.0665225982666
1964-03-18,17.615150451660156
1964-03-19,17.90022850036621
1964-03-20,18.215402603149414
1964-03-21,17.233030319213867
1964-03-22,18.14811897277832
1964-03-23,18.052888870239258
1964-03-24,18.38907814025879
1964-03-25,18.180278778076172
1964-03-26,18.430335998535156
1964-03-27,17.52053451538086
1964-03-28,17.315500259399414
1964-03-29,18.3481388092041
1964-03-30,18.70214080810547
1964-03-31,18.8665714263916
1964-04-01,18.9775390625
1964-04-02,19.727807998657227
1964-04-03,19.291893005371094
1964-04-04,18.734642028808594
1964-04-05,18.842727661132812
1964-04-06,19.258817672729492
1964-04-07,19.623037338256836
1964-04-08,19.651628494262695
1964-04-09,20.732425689697266
1964-04-10,21.45196533203125
1964-04-11,21.395069122314453
1964-04-12,21.21634864807129
1964-04-13,20.115346908569336
1964-04-14,19.049163818359375
1964-04-15,17.329809188842773
1964-04-16,16.973861694335938
1964-04-17,15.693263053894043
1964-04-18,15.939574241638184
1964-04-19,17.09642791748047
1964-04-20,15.663005828857422
1964-04-21,17.394546508789062
1964-04-22,16.352802276611328
1964-04-23,14.651183128356934
1964-04-24,16.600765228271484
1964-04-25,18.986133575439453
1964-04-26,18.71599578857422
1964-04-27,19.304222106933594
1964-04-28,20.3245792388916
1964-04-29,20.750202178955078
1964-04-30,21.462539672851562
1964-05-01,20.51055145263672
1964-05-02,20.8516788482666
1964-05-03,21.370372772216797
1964-05-04,21.279632568359375
1964-05-05,21.02722930908203
1964-05-06,20.024951934814453
1964-05-07,19.421424865722656
1964-05-08,19.05156707763672
1964-05-09,19.72014808654785
1964-05-10,18.528675079345703
1964-05-11,18.05795669555664
1964-05-12,17.869226455688477
1964-05-13,16.478710174560547
1964-05-14,16.115692138671875
1964-05-15,18.48860740661621
1964-05-16,19.070459365844727
1964-05-17,18.836315155029297
1964-05-18,17.042612075805664
1964-05-19,17.66618537902832
1964-05-20,19.9057674407959
1964-05-21,19.82716941833496
1964-05-22,18.870393753051758
1964-05-23,16.859745025634766
1964-05-24,20.382381439208984
1964-05-25,20.216249465942383
1964-05-26,20.043704986572266
1964-05-27,20.697158813476562
1964-05-28,21.24306297302246
1964-05-29,22.350772857666016
1964-05-30,23.008808135986328
1964-05-31,24.104719161987305
1964-06-01,24.32758331298828
1964-06-02,24.186771392822266
1964-06-03,24.074331283569336
1964-06-04,24.544952392578125
1964-06-05,24.608774185180664
1964-06-06,23.952392578125
1964-06-07,24.396862030029297
1964-06-08,24.47407341003418
1964-06-09,24.360246658325195
1964-06-10,25.217979431152344
1964-06-11,25.284303665161133
1964-06-12,25.247970581054688
1964-06-13,25.790042877197266
1964-06-14,24.764310836791992
1964-06-15,21.645774841308594
1964-06-16,19.570682525634766
1964-06-17,21.92436408996582
1964-06-18,22.510459899902344
1964-06-19,22.828378677368164
1964-06-20,23.033723831176758
1964-06-21,22.727821350097656
1964-06-22,22.519365310668945
1964-06-23,22.015493392944336
1964-06-24,21.641977310180664
1964-06-25,22.56314468383789
1964-06-26,22.48949432373047
1964-06-27,22.381059646606445
1964-06-28,22.82826805114746
1964-06-29,23.11836051940918
1964-06-30,23.643598556518555
1964-07-01,23.616073608398438
1964-07-02,23.78655433654785
1964-07-03,23.246427536010742
1964-07-04,23.393234252929688
1964-07-05,23.08843231201172
1964-07-06,22.737579345703125
1964-07-07,21.603837966918945
1964-07-08,22.922142028808594
1964-07-09,22.053974151611328
1964-07-10,21.644580841064453
1964-07-11,21.574447631835938
1964-07-12,21.860782623291016
1964-07-13,21.849084854125977
1964-07-14,22.613866806030273
1964-07-15,21.808612823486328
1964-07-16,21.980440139770508
1964-07-17,22.36094093322754
1964-07-18,21.906940460205078
1964-07-19,21.619287490844727
1964-07-20,22.752483367919922
1964-07-21,23.343996047973633
1964-07-22,22.216533660888672
1964-07-23,20.79513931274414
1964-07-24,21.239782333374023
1964-07-25,20.95722007751465
1964-07-26,21.613040924072266
1964-07-27,21.941316604614258
1964-07-28,21.179113388061523
1964-07-29,20.799057006835938
1964-07-30,21.188438415527344
1964-07-31,21.14794158935547
1964-08-01,21.212535858154297
1964-08-02,21.726581573486328
1964-08-03,22.684965133666992
1964-08-04,22.516456604003906
1964-08-05,22.133405685424805
1964-08-06,22.54962921142578
1964-08-07,23.475717544555664
1964-08-08,23.527359008789062
1964-08-09,23.20403289794922
1964-08-10,24.052143096923828
1964-08-11,23.365169525146484
1964-08-12,23.372821807861328
1964-08-13,23.172452926635742
1964-08-14,22.74505615234375
1964-08-15,22.4246826171875
1964-08-16,22.030736923217773
1964-08-17,21.53309440612793
1964-08-18,21.669797897338867
1964-08-19,22.30621337890625
1964-08-20,22.520092010498047
1964-08-21,22.900821685791016
1964-08-22,23.024219512939453
1964-08-23,22.58431625366211
1964-08-24,22.043638229370117
1964-08-25,22.32021141052246
1964-08-26,23.125255584716797
1964-08-27,22.611818313598633
1964-08-28,21.948047637939453
1964-08-29,22.240514755249023
1964-08-30,21.098073959350586
1964-08-31,19.80814552307129
1964-09-01,19.82225799560547
1964-09-02,20.966411590576172
1964-09-03,19.595691680908203
1964-09-04,20.094785690307617
1964-09-05,21.37603187561035
1964-09-06,21.981006622314453
1964-09-07,20.70389747619629
1964-09-08,21.08802604675293
1964-09-09,21.923667907714844
1964-09-10,21.989736557006836
1964-09-11,22.0718994140625
1964-09-12,21.7139892578125
1964-09-13,21.887937545776367
1964-09-14,21.800838470458984
1964-09-15,20.822317123413086
1964-09-16,20.248157501220703
1964-09-17,20.8096866607666
1964-09-18,21.347383499145508
1964-09-19,21.21758270263672
1964-09-20,21.335968017578125
1964-09-21,20.956361770629883
1964-09-22,21.241106033325195
1964-09-23,22.019428253173828
1964-09-24,21.594676971435547
1964-09-25,21.292123794555664
1964-09-26,21.047882080078125
1964-09-27,21.809091567993164
1964-09-28,21.2744197845459
1964-09-29,21.074581146240234
1964-09-30,20.692123413085938
1964-10-01,20.514455795288086
1964-10-02,20.83207130432129
1964-10-03,21.173646926879883
1964-10-04,20.917591094970703
1964-10-05,21.126516342163086
1964-10-06,21.369243621826172
1964-10-07,19.66865348815918
1964-10-08,20.093671798706055
1964-10-09,20.038238525390625
1964-10-10,19.093584060668945
1964-10-11,19.075658798217773
1964-10-12,19.43963623046875
1964-10-13,19.72960090637207
1964-10-14,19.71006202697754
1964-10-15,20.573230743408203
1964-10-16,20.054426193237305
1964-10-17,20.123083114624023
1964-10-18,20.12460708618164
1964-10-19,19.645051956176758
1964-10-20,19.508255004882812
1964-10-21,19.436309814453125
1964-10-22,19.148900985717773
1964-10-23,18.503217697143555
1964-10-24,18.79020118713379
1964-10-25,18.44357681274414
1964-10-26,18.331377029418945
1964-10-27,17.484071731567383
1964-10-28,16.8813533782959
1964-10-29,17.914764404296875
1964-10-30,18.247596740722656
1964-10-31,17.47267723083496
1964-11-01,18.244314193725586
1964-11-02,17.527368545532227
1964-11-03,17.000776290893555
1964-11-04,17.24797248840332
1964-11-05,16.088294982910156
1964-11-06,15.292243003845215
1964-11-07,15.287237167358398
1964-11-08,14.915746688842773
1964-11-09,14.702072143554688
1964-11-10,14.562932968139648
1964-11-11,14.966231346130371
1964-11-12,14.423555374145508
1964-11-13,14.357781410217285
1964-11-14,14.034419059753418
1964-11-15,13.745977401733398
1964-11-16,13.388029098510742
1964-11-17,12.739494323730469
1964-11-18,12.574300765991211
1964-11-19,12.072793960571289
1964-11-20,11.858452796936035
1964-11-21,11.629894256591797
1964-11-22,12.080953598022461
1964-11-23,12.515373229980469
1964-11-24,12.161105155944824
1964-11-25,12.301566123962402
1964-11-26,11.854015350341797
1964-11-27,11.761566162109375
1964-11-28,11.6387300491333
1964-11-29,11.326349258422852
1964-11-30,11.35701847076416
1964-12-01,11.484292984008789
1964-12-02,11.330673217773438
1964-12-03,11.576716423034668
1964-12-04,12.070830345153809
1964-12-05,12.032544136047363
1964-12-06,11.765972137451172
1964-12-07,10.874114990234375
1964-12-08,10.805802345275879
1964-12-09,11.248469352722168
1964-12-10,9.505085945129395
1964-12-11,10.821407318115234
1964-12-12,10.44506549835205
1964-12-13,9.716066360473633
1964-12-14,9.146121978759766
1964-12-15,8.476922988891602
1964-12-16,8.574169158935547
1964-12-17,9.040575981140137
1964-12-18,9.742568016052246
1964-12-19,9.094754219055176
1964-12-20,8.665980339050293
1964-12-21,9.649300575256348
1964-12-22,10.175982475280762
1964-12-23,10.329291343688965
1964-12-24,10.71883487701416
1964-12-25,10.47432804107666
1964-12-26,10.570893287658691
1964-12-27,11.449833869934082
1964-12-28,10.86699104309082
1964-12-29,10.469000816345215
1964-12-30,9.498641967773438
1964-12-31,8.921545028686523
1965-01-01,7.993122100830078
1965-01-02,8.880805015563965
1965-01-03,9.488358497619629
1965-01-04,8.675217628479004
1965-01-05,8.787303924560547
1965-01-06,7.214015960693359
1965-01-07,7.754464626312256
1965-01-08,7.785000801086426
1965-01-09,7.124435901641846
1965-01-10,7.904883861541748
1965-01-11,7.494451522827148
1965-01-12,8.488991737365723
1965-01-13,8.212652206420898
1965-01-14,8.863018035888672
1965-01-15,9.171152114868164
1965-01-16,9.78813362121582
1965-01-17,9.520234107971191
1965-01-18,10.049947738647461
1965-01-19,10.406319618225098
1965-01-20,10.429920196533203
1965-01-21,9.158990859985352
1965-01-22,8.720747947692871
1965-01-23,9.22341251373291
1965-01-24,9.489933013916016
1965-01-25,9.633567810058594
1965-01-26,9.632336616516113
1965-01-27,9.61575984954834
1965-01-28,9.556422233581543
1965-01-29,10.478483200073242
1965-01-30,11.080183029174805
1965-01-31,11.341766357421875
1965-02-01,10.991065979003906
1965-02-02,11.302536964416504
1965-02-03,11.462371826171875
1965-02-04,12.203893661499023
1965-02-05,11.337259292602539
1965-02-06,11.704514503479004
1965-02-07,10.807855606079102
1965-02-08,7.921224594116211
1965-02-09,7.35108757019043
1965-02-10,8.032706260681152
1965-02-11,8.38672161102295
1965-02-12,9.118012428283691
1965-02-13,10.464373588562012
1965-02-14,10.809121131896973
1965-02-15,10.23377799987793
1965-02-16,9.899773597717285
1965-02-17,10.588143348693848
1965-02-18,10.263297080993652
1965-02-19,9.956592559814453
1965-02-20,9.625732421875
1965-02-21,8.482845306396484
1965-02-22,9.431318283081055
1965-02-23,9.393633842468262
1965-02-24,9.577227592468262
1965-02-25,10.35516357421875
1965-02-26,10.951992988586426
1965-02-27,11.780012130737305
1965-02-28,11.588932037353516
1965-03-01,10.994401931762695
1965-03-02,11.008771896362305
1965-03-03,10.234806060791016
1965-03-04,9.280985832214355
1965-03-05,10.875628471374512
1965-03-06,11.887765884399414
1965-03-07,12.807499885559082
1965-03-08,13.666825294494629
1965-03-09,13.916203498840332
1965-03-10,13.858017921447754
1965-03-11,13.693665504455566
1965-03-12,13.576862335205078
1965-03-13,13.334381103515625
1965-03-14,13.7276029586792
1965-03-15,14.343757629394531
1965-03-16,14.5942964553833
1965-03-17,15.660225868225098
1965-03-18,16.143781661987305
1965-03-19,15.183072090148926
1965-03-20,12.071733474731445
1965-03-21,13.174406051635742
1965-03-22,13.161062240600586
1965-03-23,11.70047378540039
1965-03-24,9.098484992980957
1965-03-25,10.603425979614258
1965-03-26,13.174040794372559
1965-03-27,13.623764991760254
1965-03-28,15.281940460205078
1965-03-29,15.44385051727295
1965-03-30,15.784716606140137
1965-03-31,13.670695304870605
1965-04-01,12.275619506835938
1965-04-02,10.639608383178711
1965-04-03,10.215972900390625
1965-04-04,11.390993118286133
1965-04-05,12.45008373260498
1965-04-06,13.643231391906738
1965-04-07,15.2134428024292
1965-04-08,15.850744247436523
1965-04-09,16.61410140991211
1965-04-10,18.296737670898438
1965-04-11,19.892181396484375
1965-04-12,19.45701026916504
1965-04-13,16.954553604125977
1965-04-14,17.718990325927734
1965-04-15,18.014110565185547
1965-04-16,19.834096908569336
1965-04-17,21.131113052368164
1965-04-18,20.009557723999023
1965-04-19,18.002113342285156
1965-04-20,16.901315689086914
1965-04-21,17.71356773376465
1965-04-22,17.257164001464844
1965-04-23,17.92807960510254
1965-04-24,18.918041229248047
1965-04-25,19.360267639160156
1965-04-26,19.24001121520996
1965-04-27,18.45805549621582
1965-04-28,18.83847999572754
1965-04-29,19.7353515625
1965-04-30,20.495637893676758
1965-05-01,21.427366256713867
1965-05-02,20.38277816772461
1965-05-03,18.82120132446289
1965-05-04,18.564165115356445
1965-05-05,18.201135635375977
1965-05-06,19.31015968322754
1965-05-07,19.079059600830078
1965-05-08,18.72122573852539
1965-05-09,19.371667861938477
1965-05-10,20.0263614654541
1965-05-11,19.9355411529541
1965-05-12,19.56645393371582
1965-05-13,19.55942153930664
1965-05-14,20.698904037475586
1965-05-15,21.054269790649414
1965-05-16,20.492345809936523
1965-05-17,20.585535049438477
1965-05-18,21.759843826293945
1965-05-19,22.198688507080078
1965-05-20,21.4389591217041
1965-05-21,20.299789428710938
1965-05-22,21.217458724975586
1965-05-23,21.108240127563477
1965-05-24,22.230045318603516
1965-05-25,22.734853744506836
1965-05-26,22.9615421295166
1965-05-27,22.241649627685547
1965-05-28,23.30744171142578
1965-05-29,22.712434768676758
1965-05-30,22.802810668945312
1965-05-31,22.06131362915039
1965-06-01,22.09773826599121
1965-06-02,21.83214569091797
1965-06-03,22.878952026367188
1965-06-04,21.984254837036133
1965-06-05,22.341655731201172
1965-06-06,22.58719825744629
1965-06-07,22.409448623657227
1965-06-08,23.00946044921875
1965-06-09,23.899417877197266
1965-06-10,23.624164581298828
1965-06-11,22.913484573364258
1965-06-12,23.96192169189453
1965-06-13,24.185428619384766
1965-06-14,23.501070022583008
1965-06-15,22.350128173828125
1965-06-16,20.9826717376709
1965-06-17,20.34591293334961
1965-06-18,20.958145141601562
1965-06-19,21.079147338867188
1965-06-20,22.67692756652832
1965-06-21,21.7115478515625
1965-06-22,20.85578155517578
1965-06-23,20.685436248779297
1965-06-24,21.273574829101562
1965-06-25,21.759334564208984
1965-06-26,22.28619384765625
1965-06-27,22.195480346679688
1965-06-28,20.929044723510742
1965-06-29,20.821048736572266
1965-06-30,21.645498275756836
1965-07-01,21.83174705505371
1965-07-02,19.57777214050293
1965-07-03,20.06253433227539
1965-07-04,20.74901008605957
1965-07-05,21.348514556884766
1965-07-06,20.35999870300293
1965-07-07,19.336320877075195
1965-07-08,19.757091522216797
1965-07-09,19.415376663208008
1965-07-10,21.045503616333008
1965-07-11,22.42124366760254
1965-07-12,21.96335220336914
1965-07-13,21.969764709472656
1965-07-14,21.97140884399414
1965-07-15,21.719268798828125
1965-07-16,21.681612014770508
1965-07-17,22.711225509643555
1965-07-18,22.357513427734375
1965-07-19,22.33917236328125
1965-07-20,21.90789222717285
1965-07-21,21.915180206298828
1965-07-22,21.36838150024414
1965-07-23,21.515127182006836
1965-07-24,21.02309799194336
1965-07-25,19.672163009643555
1965-07-26,21.05497932434082
1965-07-27,21.380834579467773
1965-07-28,21.74563217163086
1965-07-29,20.9210147857666
1965-07-30,20.164798736572266
1965-07-31,20.51174545288086
1965-08-01,21.291305541992188
1965-08-02,21.134937286376953
1965-08-03,21.282546997070312
1965-08-04,21.20673942565918
1965-08-05,21.76610565185547
1965-08-06,22.351484298706055
1965-08-07,21.75896644592285
1965-08-08,21.31198501586914
1965-08-09,20.260011672973633
1965-08-10,18.997333526611328
1965-08-11,19.622400283813477
1965-08-12,20.08961296081543
1965-08-13,20.3397159576416
1965-08-14,19.6719913482666
1965-08-15,19.206418991088867
1965-08-16,19.224346160888672
1965-08-17,20.306846618652344
1965-08-18,21.508825302124023
1965-08-19,19.78046226501465
1965-08-20,19.58065414428711
1965-08-21,20.442026138305664
1965-08-22,20.813161849975586
1965-08-23,21.06943130493164
1965-08-24,20.82261848449707
1965-08-25,21.530048370361328
1965-08-26,20.960243225097656
1965-08-27,19.909700393676758
1965-08-28,19.759675979614258
1965-08-29,19.141435623168945
1965-08-30,21.064308166503906
1965-08-31,21.380985260009766
1965-09-01,22.07830047607422
1965-09-02,21.799888610839844
1965-09-03,22.044126510620117
1965-09-04,22.287208557128906
1965-09-05,22.717506408691406
1965-09-06,21.580381393432617
1965-09-07,21.76779556274414
1965-09-08,21.52422332763672
1965-09-09,20.99178695678711
1965-09-10,20.472471237182617
1965-09-11,20.740957260131836
1965-09-12,21.241161346435547
1965-09-13,21.811992645263672
1965-09-14,21.476280212402344
1965-09-15,21.30545997619629
1965-09-16,21.73053741455078
1965-09-17,21.732357025146484
1965-09-18,21.09173583984375
1965-09-19,19.5775203704834
1965-09-20,19.64193344116211
1965-09-21,19.861522674560547
1965-09-22,19.414743423461914
1965-09-23,17.898345947265625
1965-09-24,16.837305068969727
1965-09-25,17.60717010498047
1965-09-26,18.1560001373291
1965-09-27,19.031705856323242
1965-09-28,19.11355209350586
1965-09-29,18.83026123046875
1965-09-30,18.967206954956055
1965-10-01,19.41153335571289
1965-10-02,19.046100616455078
1965-10-03,19.019344329833984
1965-10-04,19.214237213134766
1965-10-05,19.60753059387207
1965-10-06,18.231740951538086
1965-10-07,18.024906158447266
1965-10-08,17.1940860748291
1965-10-09,17.31375503540039
1965-10-10,17.04608726501465
1965-10-11,16.44513511657715
1965-10-12,16.783252716064453
1965-10-13,17.238306045532227
1965-10-14,17.124258041381836
1965-10-15,17.04616355895996
1965-10-16,17.20044708251953
1965-10-17,17.911794662475586
1965-10-18,17.506120681762695
1965-10-19,16.69552230834961
1965-10-20,15.739450454711914
1965-10-21,15.557615280151367
1965-10-22,15.993060111999512
1965-10-23,15.832764625549316
1965-10-24,16.40367317199707
1965-10-25,16.765579223632812
1965-10-26,16.875247955322266
1965-10-27,17.118444442749023
1965-10-28,17.02029037475586
1965-10-29,16.897424697875977
1965-10-30,16.931976318359375
1965-10-31,14.744963645935059
1965-11-01,13.812134742736816
1965-11-02,14.077335357666016
1965-11-03,16.35565757751465
1965-11-04,16.571264266967773
1965-11-05,14.209495544433594
1965-11-06,13.909085273742676
1965-11-07,14.489798545837402
1965-11-08,14.821932792663574
1965-11-09,14.607739448547363
1965-11-10,13.379109382629395
1965-11-11,13.045038223266602
1965-11-12,13.42686653137207
1965-11-13,13.289886474609375
1965-11-14,14.055527687072754
1965-11-15,13.117856979370117
1965-11-16,13.186713218688965
1965-11-17,12.57719898223877
1965-11-18,12.243634223937988
1965-11-19,13.292662620544434
1965-11-20,12.43368911743164
1965-11-21,12.75606918334961
1965-11-22,12.348411560058594
1965-11-23,11.000068664550781
1965-11-24,10.761175155639648
1965-11-25,10.596952438354492
1965-11-26,11.150501251220703
1965-11-27,11.362184524536133
1965-11-28,10.811200141906738
1965-11-29,10.10733699798584
1965-11-30,9.929522514343262
1965-12-01,9.92330265045166
1965-12-02,9.650216102600098
1965-12-03,9.48865032196045
1965-12-04,9.557557106018066
1965-12-05,9.699249267578125
1965-12-06,9.333175659179688
1965-12-07,9.424867630004883
1965-12-08,10.123160362243652
1965-12-09,10.3550386428833
1965-12-10,9.998440742492676
1965-12-11,9.850808143615723
1965-12-12,10.076422691345215
1965-12-13,8.368600845336914
1965-12-14,7.817690372467041
1965-12-15,9.70608139038086
1965-12-16,9.938691139221191
1965-12-17,9.652434349060059
1965-12-18,9.26419734954834
1965-12-19,8.296666145324707
1965-12-20,8.909029960632324
1965-12-21,8.55489444732666
1965-12-22,8.719456672668457
1965-12-23,9.414557456970215
1965-12-24,10.144490242004395
1965-12-25,8.77067756652832
1965-12-26,8.720973014831543
1965-12-27,8.069149017333984
1965-12-28,8.453839302062988
1965-12-29,8.487886428833008
1965-12-30,8.935771942138672
1965-12-31,9.260897636413574
1966-01-01,9.87060546875
1966-01-02,9.477602005004883
1966-01-03,9.350997924804688
1966-01-04,8.592150688171387
1966-01-05,7.456389427185059
1966-01-06,8.775362014770508
1966-01-07,9.342994689941406
1966-01-08,9.56890869140625
1966-01-09,9.541337013244629
1966-01-10,9.455875396728516
1966-01-11,9.396829605102539
1966-01-12,9.880441665649414
1966-01-13,9.12201976776123
1966-01-14,8.65582275390625
1966-01-15,8.265592575073242
1966-01-16,8.81258487701416
1966-01-17,9.689218521118164
1966-01-18,9.294965744018555
1966-01-19,8.79798412322998
1966-01-20,9.616887092590332
1966-01-21,9.970513343811035
1966-01-22,10.073724746704102
1966-01-23,10.101491928100586
1966-01-24,10.504243850708008
1966-01-25,10.335984230041504
1966-01-26,10.658185005187988
1966-01-27,10.243945121765137
1966-01-28,8.950141906738281
1966-01-29,9.641648292541504
1966-01-30,10.089706420898438
1966-01-31,9.376306533813477
1966-02-01,9.775740623474121
1966-02-02,10.96007251739502
1966-02-03,11.428561210632324
1966-02-04,10.787322044372559
1966-02-05,10.635549545288086
1966-02-06,11.816880226135254
1966-02-07,12.458370208740234
1966-02-08,12.814179420471191
1966-02-09,13.461386680603027
1966-02-10,13.091622352600098
1966-02-11,12.149927139282227
1966-02-12,13.033672332763672
1966-02-13,12.350369453430176
1966-02-14,10.506022453308105
1966-02-15,11.274544715881348
1966-02-16,11.560704231262207
1966-02-17,11.642536163330078
1966-02-18,11.833588600158691
1966-02-19,11.814959526062012
1966-02-20,11.567970275878906
1966-02-21,11.802103996276855
1966-02-22,12.163022994995117
1966-02-23,12.947334289550781
1966-02-24,13.143819808959961
1966-02-25,13.416152954101562
1966-02-26,14.18603515625
1966-02-27,14.661787986755371
1966-02-28,14.43830680847168
1966-03-01,14.612071990966797
1966-03-02,13.478196144104004
1966-03-03,14.350220680236816
1966-03-04,14.046957969665527
1966-03-05,16.15068817138672
1966-03-06,14.911820411682129
1966-03-07,13.646017074584961
1966-03-08,12.112342834472656
1966-03-09,11.069755554199219
1966-03-10,12.260686874389648
1966-03-11,13.558293342590332
1966-03-12,13.047985076904297
1966-03-13,12.419294357299805
1966-03-14,13.430526733398438
1966-03-15,14.329815864562988
1966-03-16,14.574708938598633
1966-03-17,15.919633865356445
1966-03-18,15.93891429901123
1966-03-19,17.20387077331543
1966-03-20,14.898919105529785
1966-03-21,12.976438522338867
1966-03-22,14.15615177154541
1966-03-23,15.285623550415039
1966-03-24,16.752498626708984
1966-03-25,17.603557586669922
1966-03-26,17.935487747192383
1966-03-27,18.345577239990234
1966-03-28,18.639604568481445
1966-03-29,18.2591495513916
1966-03-30,16.434951782226562
1966-03-31,16.332340240478516
1966-04-01,16.697620391845703
1966-04-02,16.961584091186523
1966-04-03,17.011184692382812
1966-04-04,17.409496307373047
1966-04-05,17.897851943969727
1966-04-06,18.73709487915039
1966-04-07,17.91477394104004
1966-04-08,17.376951217651367
1966-04-09,17.748455047607422
1966-04-10,17.07242202758789
1966-04-11,17.975603103637695
1966-04-12,18.416492462158203
1966-04-13,18.848121643066406
1966-04-14,20.076984405517578
1966-04-15,20.380704879760742
1966-04-16,19.09166717529297
1966-04-17,19.71669578552246
1966-04-18,19.320144653320312
1966-04-19,17.493457794189453
1966-04-20,17.882564544677734
1966-04-21,17.976192474365234
1966-04-22,18.80925941467285
1966-04-23,17.540943145751953
1966-04-24,17.721534729003906
1966-04-25,18.787221908569336
1966-04-26,19.216279983520508
1966-04-27,19.325376510620117
1966-04-28,19.75212287902832
1966-04-29,20.88391876220703
1966-04-30,20.385833740234375
1966-05-01,21.240386962890625
1966-05-02,21.510116577148438
1966-05-03,21.031126022338867
1966-05-04,21.80694007873535
1966-05-05,21.091983795166016
1966-05-06,20.866851806640625
1966-05-07,19.85346031188965
1966-05-08,17.63218879699707
1966-05-09,18.089065551757812
1966-05-10,18.947376251220703
1966-05-11,19.142967224121094
1966-05-12,19.652950286865234
1966-05-13,20.536104202270508
1966-05-14,20.375362396240234
1966-05-15,20.306468963623047
1966-05-16,20.004838943481445
1966-05-17,20.31838607788086
1966-05-18,22.014041900634766
1966-05-19,21.647815704345703
1966-05-20,21.729755401611328
1966-05-21,22.577213287353516
1966-05-22,22.415861129760742
1966-05-23,22.176958084106445
1966-05-24,22.439329147338867
1966-05-25,21.619178771972656
1966-05-26,22.563323974609375
1966-05-27,22.11014747619629
1966-05-28,22.774219512939453
1966-05-29,21.17266845703125
1966-05-30,21.496402740478516
1966-05-31,22.363916397094727
1966-06-01,23.800867080688477
1966-06-02,21.5063419342041
1966-06-03,22.823562622070312
1966-06-04,22.42681884765625
1966-06-05,22.497447967529297
1966-06-06,23.528392791748047
1966-06-07,24.208782196044922
1966-06-08,24.72875213623047
1966-06-09,25.030668258666992
1966-06-10,25.11960792541504
1966-06-11,25.747303009033203
1966-06-12,25.738018035888672
1966-06-13,23.750701904296875
1966-06-14,23.369400024414062
1966-06-15,22.227922439575195
1966-06-16,21.38946533203125
1966-06-17,22.538042068481445
1966-06-18,22.966650009155273
1966-06-19,22.093687057495117
1966-06-20,21.574296951293945
1966-06-21,21.96387481689453
1966-06-22,22.35057830810547
1966-06-23,22.1698055267334
1966-06-24,22.377822875976562
1966-06-25,22.52896499633789
1966-06-26,21.490068435668945
1966-06-27,21.931983947753906
1966-06-28,22.22770118713379
1966-06-29,22.23175811767578
1966-06-30,22.24936294555664
1966-07-01,21.524572372436523
1966-07-02,21.23117446899414
1966-07-03,21.94422721862793
1966-07-04,22.402713775634766
1966-07-05,22.730199813842773
1966-07-06,21.856586456298828
1966-07-07,21.42854881286621
1966-07-08,21.89229393005371
1966-07-09,22.56749153137207
1966-07-10,23.160995483398438
1966-07-11,20.492298126220703
1966-07-12,20.1679744720459
1966-07-13,21.30632209777832
1966-07-14,22.012475967407227
1966-07-15,22.061315536499023
1966-07-16,23.039335250854492
1966-07-17,23.125890731811523
1966-07-18,22.79678726196289
1966-07-19,22.461681365966797
1966-07-20,22.243213653564453
1966-07-21,22.487607955932617
1966-07-22,22.502836227416992
1966-07-23,23.108884811401367
1966-07-24,22.799848556518555
1966-07-25,22.172056198120117
1966-07-26,22.354228973388672
1966-07-27,22.741741180419922
1966-07-28,22.931175231933594
1966-07-29,22.7896728515625
1966-07-30,22.83917808532715
1966-07-31,23.105287551879883
1966-08-01,22.401391983032227
1966-08-02,22.157733917236328
1966-08-03,22.11853790283203
1966-08-04,22.611326217651367
1966-08-05,22.63038444519043
1966-08-06,21.567584991455078
1966-08-07,22.397441864013672
1966-08-08,22.410491943359375
1966-08-09,22.33195686340332
1966-08-10,22.440717697143555
1966-08-11,22.59252166748047
1966-08-12,22.28255271911621
1966-08-13,22.993318557739258
1966-08-14,22.779376983642578
1966-08-15,22.31183624267578
1966-08-16,22.82276153564453
1966-08-17,23.243946075439453
1966-08-18,22.754859924316406
1966-08-19,23.079702377319336
1966-08-20,23.182981491088867
1966-08-21,23.28023910522461
1966-08-22,22.599525451660156
1966-08-23,22.392227172851562
1966-08-24,20.523191452026367
1966-08-25,20.77417755126953
1966-08-26,20.419677734375
1966-08-27,20.803417205810547
1966-08-28,21.616302490234375
1966-08-29,20.879697799682617
1966-08-30,20.24659538269043
1966-08-31,20.63436508178711
1966-09-01,21.2437686920166
1966-09-02,21.423980712890625
1966-09-03,21.70598602294922
1966-09-04,21.667217254638672
1966-09-05,22.004404067993164
1966-09-06,22.033077239990234
1966-09-07,21.12369728088379
1966-09-08,21.879472732543945
1966-09-09,20.744524002075195
1966-09-10,21.431550979614258
1966-09-11,21.947246551513672
1966-09-12,21.046955108642578
1966-09-13,21.340347290039062
1966-09-14,21.493728637695312
1966-09-15,21.170520782470703
1966-09-16,20.315452575683594
1966-09-17,19.94358253479004
1966-09-18,19.57438850402832
1966-09-19,19.365528106689453
1966-09-20,19.819494247436523
1966-09-21,19.54014015197754
1966-09-22,19.638221740722656
1966-09-23,19.551536560058594
1966-09-24,19.41887855529785
1966-09-25,19.238441467285156
1966-09-26,19.595130920410156
1966-09-27,19.90986442565918
1966-09-28,19.07392120361328
1966-09-29,18.411043167114258
1966-09-30,19.20941734313965
1966-10-01,17.764312744140625
1966-10-02,17.372207641601562
1966-10-03,17.12964630126953
1966-10-04,16.98907470703125
1966-10-05,17.24576187133789
1966-10-06,16.13414764404297
1966-10-07,16.908618927001953
1966-10-08,17.2099666595459
1966-10-09,17.50746726989746
1966-10-10,17.67218780517578
1966-10-11,17.778276443481445
1966-10-12,17.28632164001465
1966-10-13,17.571998596191406
1966-10-14,17.10295295715332
1966-10-15,17.286787033081055
1966-10-16,16.46267318725586
1966-10-17,16.461009979248047
1966-10-18,16.436378479003906
1966-10-19,17.217350006103516
1966-10-20,17.12784767150879
1966-10-21,16.885595321655273
1966-10-22,16.692161560058594
1966-10-23,15.931716918945312
1966-10-24,15.737691879272461
1966-10-25,15.368483543395996
1966-10-26,15.29946231842041
1966-10-27,15.53377628326416
1966-10-28,15.479411125183105
1966-10-29,15.477470397949219
1966-10-30,15.66511058807373
1966-10-31,15.608973503112793
1966-11-01,15.329743385314941
1966-11-02,15.755020141601562
1966-11-03,14.967334747314453
1966-11-04,14.292425155639648
1966-11-05,14.514382362365723
1966-11-06,14.0990571975708
1966-11-07,13.97179889678955
1966-11-08,13.440189361572266
1966-11-09,13.935798645019531
1966-11-10,14.888998985290527
1966-11-11,13.668327331542969
1966-11-12,13.750341415405273
1966-11-13,13.799901962280273
1966-11-14,14.215938568115234
1966-11-15,13.75685977935791
1966-11-16,13.078068733215332
1966-11-17,13.571768760681152
1966-11-18,13.745271682739258
1966-11-19,14.243061065673828
1966-11-20,13.48904800415039
1966-11-21,14.041295051574707
1966-11-22,13.388031959533691
1966-11-23,14.371315002441406
1966-11-24,13.915897369384766
1966-11-25,14.227439880371094
1966-11-26,13.494763374328613
1966-11-27,14.08518123626709
1966-11-28,12.010885238647461
1966-11-29,11.552568435668945
1966-11-30,10.515677452087402
1966-12-01,11.214896202087402
1966-12-02,11.003096580505371
1966-12-03,9.227025032043457
1966-12-04,11.233202934265137
1966-12-05,10.965142250061035
1966-12-06,10.58121395111084
1966-12-07,10.774025917053223
1966-12-08,11.54825210571289
1966-12-09,10.403244972229004
1966-12-10,9.969058990478516
1966-12-11,9.76465129852295
1966-12-12,9.801541328430176
1966-12-13,10.08902645111084
1966-12-14,9.375626564025879
1966-12-15,9.843358039855957
1966-12-16,9.130892753601074
1966-12-17,9.382905006408691
1966-12-18,9.700163841247559
1966-12-19,9.276800155639648
1966-12-20,9.846283912658691
1966-12-21,10.074636459350586
1966-12-22,9.18819808959961
1966-12-23,8.680052757263184
1966-12-24,9.390960693359375
1966-12-25,8.95945930480957
1966-12-26,8.976805686950684
1966-12-27,9.7568359375
1966-12-28,8.195342063903809
1966-12-29,8.102972984313965
1966-12-30,8.729477882385254
1966-12-31,8.262154579162598
